"","Data1","Data2","Data3"
"1",0.499733758099729,0.31361117318602,-0.728794221044
"2",-0.443235607987851,1.51533785789965,-1.23963464084764
"3",-0.665056511844284,-0.407653303748296,-0.905498407504961
"4",1.36234411816764,0.0393696406976071,0.50406503776652
"5",-0.660416535300819,1.2876223121193,0.513001381589279
"6",1.04523573233879,1.33162444111503,1.28012993355384
"7",0.584412314223922,2.48584795045148,-0.534778742248357
"8",0.233931477858331,0.992296559072332,0.236214619298387
"9",-0.413514559349826,1.43134146985478,-0.806997933168042
"10",-2.55241815878353,0.0250071683448755,-0.11861747321023
"11",0.985625908337896,0.542434401740634,-1.21283440142157
"12",-1.76871869248194,1.36537804023753,0.0813886008053815
"13",-0.484802744546746,-0.260851121720258,-2.84349962041569
"14",-0.659570611593523,1.97235045833171,0.54898984349975
"15",-0.193970305037491,0.634967965682206,-0.610108367271506
"16",0.370733182548954,-0.47516461760434,-0.4943680725154
"17",1.00728107200478,2.18454181913998,-0.715592796831408
"18",-0.592803336240418,-0.668864360014487,0.10749660771338
"19",1.05693830468756,0.558435341906993,0.534990014586702
"20",0.999725561561684,0.612355861255719,-1.78244543846751
"21",-1.35990428706089,-0.475756525969965,-0.622526896965074
"22",-0.206180522001937,-1.46408188608484,0.755106353811054
"23",0.948817140093519,0.572978527563024,-0.887662938494212
"24",-3.14329810308984,0.397081843886443,-0.133247262053471
"25",-0.217776985875144,-0.25995475511721,-1.56798192822453
"26",-0.818429397803653,0.973339136262552,-0.942288664144664
"27",-0.18874856253129,-0.0754018945061846,0.0796858873495026
"28",1.7155698076545,-0.487424170025241,0.673013235052816
"29",0.73461061938652,2.36264502735513,-0.844800928728474
"30",-0.431095040557488,0.996834496752081,-1.28173578932129
"31",0.655725733614996,2.33595472866865,-1.32629830768228
"32",0.222736694132374,-0.274005973368949,0.209740209305911
"33",-2.3137108392483,0.717807210097744,1.27269226343502
"34",1.69356764927478,0.111837713169618,-0.924521074485434
"35",0.313175193248538,2.4536275789849,-0.62242478326818
"36",-1.67221044445616,0.298012266265868,-1.65083989546295
"37",1.17099820470565,0.708217068477918,-2.43669473504843
"38",-0.108027517449794,0.174787809624351,-0.885639096387905
"39",1.00873737921559,0.505072113556199,-0.256325012133497
"40",-0.557345301579405,1.15418476705133,-0.0609673154335818
"41",-1.26628607572735,1.27631424157944,-1.47704533401495
"42",-1.69527010704339,0.378507836349742,1.02794334903431
"43",0.83269677581499,0.913788457740574,0.553128744085906
"44",1.45838459737282,2.18304423831048,-1.9576699240825
"45",-1.09269905707601,1.68003863266447,0.568850094805214
"46",-0.392244596680109,-0.882368056763046,-1.26784869231747
"47",0.0185898988590554,0.428209630168967,0.102561796433413
"48",0.184410238439856,-0.178918996406797,-3.45451985981123
"49",-0.772700923925955,-1.15225091491858,1.3644696511264
"50",-0.703397566599767,-0.048632752368007,-0.375936326646768
"51",0.162822691507407,0.33525964957625,-0.677277413838463
"52",1.31900062601305,-0.894744544554117,0.236098626558885
"53",-1.44154913602361,0.0997199542287117,-2.17629672117653
"54",0.558785286326623,1.38595275545596,-1.46442256832995
"55",-0.591568930170321,-0.530276417855492,-0.00195400555698195
"56",-0.601693310096417,0.870584842211646,-0.989017558410922
"57",1.55274658761296,1.10326683811653,-0.525532950903532
"58",-0.572465551592913,-0.543043475791172,-0.0684645700725128
"59",1.24762333747662,1.90428943383387,-0.398342706646713
"60",0.517083183739174,-0.085840872109892,-0.568961530812895
"61",2.00413417638801,1.85065698154678,0.911017509105415
"62",0.991764472526834,1.97455935000343,-1.0524619253845
"63",1.18019081965532,-0.2290273395861,-0.444651442972019
"64",0.0205183710406327,0.235325880615897,-1.25303005315076
"65",-0.632982978974983,-0.38763075171197,-0.609405231744217
"66",0.579294576632176,-0.97067818351413,-1.7398734588726
"67",-1.59469536481311,3.77505835565227,-2.23679196274275
"68",-0.87443939609459,-0.162135022673672,-1.07049215048015
"69",-1.1166569158903,2.552820388499,-0.427491779011931
"70",-1.37170281787106,1.42267065157464,-1.40181843582624
"71",0.961173364059694,1.05621028963767,-2.08533082508172
"72",0.315302410276561,-0.0159143974428359,0.646276448395906
"73",-1.38117056871145,0.124515772734743,0.088107338294107
"74",2.3738432457901,2.47961947435256,-3.83128766966182
"75",-0.597505289486318,-0.892219854999457,0.397148004832533
"76",-0.0367571456087003,0.490378142431268,-2.12616447782235
"77",0.0652670507907294,0.649629422568735,-0.414007407480994
"78",0.252535601807819,0.141894952503657,-1.07410874188729
"79",0.599945030913017,1.95028870428201,-0.659879620977155
"80",1.26578233652787,-0.649684608446145,-0.502759514902046
"81",-0.979030540546447,0.183566751227221,-1.63720314174316
"82",0.381865045315514,0.725532870657434,-0.108195403764314
"83",-0.836863725515922,0.0808591371015661,-2.46302878781571
"84",-1.81796988977244,1.10253474214581,0.806941986923166
"85",-0.391585231761168,0.233851164502433,0.370603599252492
"86",-0.606366343100451,1.12665969336394,0.173595214230041
"87",0.49705702757466,1.74330515370291,0.174014026930662
"88",0.420156503103724,1.5603591718748,-0.914353142755743
"89",0.448545447837216,0.202988773379293,-0.589736615413268
"90",1.05088909728017,-0.523003235028008,-0.000523761495744796
"91",0.253062853447088,0.0926189285292865,-0.543791240877817
"92",1.11567115367671,-0.123222610470113,-0.156378271182769
"93",-1.21376395192593,1.64377122972987,-1.33900006805965
"94",-0.644480162478201,2.33110477057175,-4.46828532686377
"95",0.409116603057759,0.600693975140042,-0.804038580259193
"96",2.59335729332125,0.307007334540645,-2.12023899196261
"97",0.752804070213565,1.11811653249063,-2.79019612437101
"98",0.0393430669759902,0.270229369490044,0.0440883784505531
"99",-2.36044256012103,0.584186159104876,-0.728309880060538
"100",-1.18648529716773,0.194834374792734,-1.40510491804352
"101",1.72622760638944,0.561047086595479,-0.749328667013058
"102",0.569209948266688,2.86379900656756,-1.38971487159637
"103",-0.796421262141366,-0.0416714418861876,0.612096795993172
"104",-1.62455797403124,1.75872558867027,0.558139404626726
"105",1.66619177582324,0.135905711929719,-0.306725808768238
"106",0.653354384014223,0.24234092438243,1.33442570292283
"107",-2.54941047110019,-0.538466320055422,0.592009863177073
"108",-0.148558730034007,2.73395073064968,-1.23112503595946
"109",0.703686529538024,0.332426068491856,-2.09674482382422
"110",1.25343445851255,-0.501595817857638,0.119797696861836
"111",-0.0240349836836999,0.688374816726451,-0.366530690941179
"112",0.0754206633515789,-0.438654954904683,-1.80419979794062
"113",-0.352754647648982,0.0322739196656894,-1.13971979842988
"114",0.078301782896334,-0.43565159049803,-2.0963270647766
"115",-1.08462697213178,2.13913140090554,-1.76008774929182
"116",-0.500526429094624,2.11878860465188,-0.350827202126869
"117",2.36212774873002,1.33154931789013,0.376641782952224
"118",-0.358885526588521,1.05132406140988,0.965128349310025
"119",-0.377345543854617,-0.251396200933385,0.364543590216212
"120",-1.01297458678329,-1.19867873966182,-1.2781011370844
"121",1.21673810499281,0.511628918939208,-0.425986503048324
"122",-1.4175773525491,0.356948155630703,-2.09419619273327
"123",-0.171873458543905,1.01683749854269,-2.06465950138839
"124",-0.922210079796344,0.236496122483808,-0.421660593943443
"125",-0.0492605217846913,0.466109005163894,0.306991794244792
"126",-0.113937863954698,2.05911293912858,-1.64991054123316
"127",1.90251731406907,2.15443436627434,-2.6184437766206
"128",-0.978942024167532,0.174264633629223,-2.05225344540905
"129",-0.81356728713508,0.365751709891845,-1.42696152945451
"130",-1.49658957660684,-0.357515855983499,-0.472271537719851
"131",2.08255768806491,2.97637678495708,0.279526399661232
"132",-0.430627941928519,0.485764647997765,-2.58642877988341
"133",-0.481689534901335,1.92020888252553,-1.29600098194807
"134",2.63448707768508,-0.904912130113876,-1.73499026921844
"135",-1.9528899317505,0.66189614359772,0.766616416150605
"136",-0.114493259958641,0.365722279768278,0.0982134853796565
"137",-0.879957608766888,-0.124340514401208,-0.15728261995306
"138",-0.350860918680095,1.2338536442252,-2.06585388215925
"139",0.63970388238675,0.271797342542521,0.480390505803329
"140",0.140747311132677,0.434043302044324,-0.132693304035997
"141",-1.20797797466371,0.869506045880203,-0.722737551611155
"142",1.74148577870409,0.301592035563853,-2.31493829253392
"143",1.30665905018176,0.219774873381304,-0.165319111433002
"144",0.795310361644233,2.47456111945676,-1.28750621432636
"145",-0.678532915394643,2.5686462412325,-1.11738520069226
"146",0.477831234267367,1.26196544298152,0.797747714002753
"147",0.526028763163143,2.66852816163904,-1.28219068497899
"148",0.0487713921892145,0.262388385267849,-1.38080989859717
"149",0.793686896225849,-0.667835465835328,0.463425882330723
"150",-1.39452134120724,2.2162657896425,-0.659854523622814
"151",-0.414823261739324,-0.0522791470516728,0.990345185403995
"152",2.0314061546478,0.150080283722243,-0.815433467474943
"153",-0.921400111277228,-0.548200655550047,-1.13274135164088
"154",-0.344342702080736,0.305542399362934,-0.202237150672018
"155",0.804874969386915,0.641220909099014,-1.06054327454599
"156",-0.182393029852635,1.60815661048857,0.244064824687403
"157",-1.01477012500361,1.03159906726956,-0.622287379861036
"158",-0.697148080317477,0.851204711955586,-0.912379748844024
"159",-0.360395685055429,-2.44422725225137,-2.11202688006217
"160",-0.447286389952579,-0.978199675576328,-0.499541295361989
"161",0.569101762748373,0.0112526036643131,-1.29930417028844
"162",-0.108874501970659,0.96300719025103,-0.83008924691593
"163",2.19883541882582,0.0730121758423853,0.222837617643477
"164",-2.59707791288461,1.70599528125035,-0.545687808214596
"165",1.52118484752205,2.09951304588048,-1.06139344889369
"166",2.74448618789293,0.094241994907411,-0.091648079060823
"167",0.967190201668435,0.042733132889828,-0.191754460341761
"168",0.746065111356022,0.19292656650134,-0.622839017725016
"169",0.552645823220796,1.31266586898028,-0.371692338790959
"170",0.306651175173535,0.576205062891778,-1.04512961509874
"171",0.862086122128998,0.828113909686704,-2.03164477487972
"172",-0.935395289258191,2.31049343595796,-2.12405820559359
"173",0.944306226682841,1.05574577471052,-1.31839083164989
"174",-1.33453866449488,0.760645775351948,-1.32438634977094
"175",1.34147111291183,-0.488573450954799,0.682971707611579
"176",-0.785422912991605,-0.0272984590737621,-4.35842461997957
"177",-3.03377296379171,1.04488839249129,-0.332812864504217
"178",3.69698648262486,1.04563645818192,0.0224771373852345
"179",-1.20090632943706,3.26400006187794,0.202177167874743
"180",-0.633530915052593,0.00359554706540942,-1.05624536235885
"181",0.181266168420092,0.604665781410119,-1.95731181201918
"182",-1.00631620012963,1.58142697397607,-0.816658145124375
"183",0.181250363271971,0.974180034465907,0.473092061276222
"184",-0.145331259997018,2.73866384091701,0.476243880054331
"185",0.746453953355418,2.22973152111666,0.082021417512383
"186",-0.194723619875991,1.24888675743613,-2.00069175868856
"187",-0.923825439931532,2.21339276881006,-2.00099715873659
"188",-0.499489319891304,3.27302216545999,0.104228096224935
"189",-0.4253680189506,0.726061624914115,-3.65550748775422
"190",0.481553989877696,-0.890270995796171,0.816125329634638
"191",0.765645022670159,1.91345868245773,-0.489481321577337
"192",-0.682364703169322,1.27706360580927,-0.576243090451347
"193",-1.04951605005115,0.20300755168205,-1.63227352788798
"194",0.822298555863557,0.303002987864557,0.358192095630287
"195",-0.372426857034479,-0.0168095745771328,-0.72494423292594
"196",-0.170557117137504,0.354528689629954,-2.06578702260224
"197",1.62316329563958,0.181615869641457,0.205897939599513
"198",-0.0432580649571072,-0.0875784193793677,-0.370421821060954
"199",-0.428219163381663,-0.707560096121078,-1.9515078618242
"200",0.190544371099721,0.970877267231353,-0.34678856335748
"201",0.698882097831678,0.578861307462956,-0.624329445611895
"202",0.0685774162040452,0.538876873180954,-1.88295479371577
"203",-0.211398999055677,1.33027846311624,-1.18410725450209
"204",0.512993078074747,-0.300570407874318,-2.7705413125933
"205",-0.48980261048561,0.265543159869442,-2.76462900001465
"206",-0.319375336398331,0.271581004366346,-1.00398081165755
"207",0.153203904217718,2.26846963813654,-0.216305650500396
"208",0.934113824583907,1.98893691803492,-0.741115926958273
"209",0.561893793151854,0.570828435654128,-0.0348244697210863
"210",-0.0273156656840794,5.0039202578607,-1.57235866062942
"211",-1.6090144855032,-0.90787424491702,-0.397014062562214
"212",1.09086152011991,-0.980177008325472,-0.220455430332427
"213",1.29968087559323,-0.221352240365525,-1.67708115912995
"214",-1.77459300535093,0.030588479770264,-4.89649374006918
"215",-0.145829414148074,-0.132499617176394,0.0424396584896231
"216",0.169128850241179,0.653986451418889,-1.90737335168744
"217",1.46491695809637,1.40802486929496,-0.200913996470017
"218",0.00248020316950646,0.28237438422169,0.417310724281381
"219",3.0462373444279,-0.0558826355075036,-1.25357772402236
"220",-0.604631979911048,2.9477143576309,-1.51692275433261
"221",0.181004689217487,3.75693403370749,-0.506615698560449
"222",-0.470204108559769,1.52742037629289,0.369545375011421
"223",-0.619667271791296,-0.0704525511126867,-1.19835167309122
"224",2.93252798451039,0.905687623163646,-1.26013150004218
"225",0.690049849052516,0.198477371076302,-2.69431501412748
"226",-0.115286567208494,1.4289020243089,0.187938585091322
"227",1.33962477508241,-0.899901934141366,0.586655153176909
"228",-0.970073796925734,-1.46302612868047,-0.978134111287165
"229",0.622722524391619,-0.849921152040524,-2.98619208080679
"230",-0.980035260926208,1.60537464871584,-0.716186782983338
"231",-0.826044251971879,0.280216051292175,0.286515912508519
"232",0.0535700861630822,2.37738514348979,-1.3658034233346
"233",1.25561059209273,0.450979976160648,-2.51620299996546
"234",-1.43487670355259,0.0566507071077791,-0.250575169316658
"235",-0.687371278707627,0.66068149557965,-0.32260736812464
"236",0.415411181659557,-0.464277162739573,0.173756376955907
"237",-0.972004777192851,0.216093688234433,-1.19609045585293
"238",0.918862553539843,0.00526956266930871,-2.56223031609226
"239",0.75169124025574,1.74100708800027,-1.49270174869591
"240",0.20840309005949,0.5966593156431,-1.31332140901121
"241",0.356089338597373,3.2609138079446,-1.03190859231384
"242",-0.0428537337697721,-0.258259354913076,-2.30624236658659
"243",-0.392242331423947,1.86257612323823,-2.39091168329455
"244",-1.21477079680374,0.539047926125078,-0.71776383530955
"245",-1.05653390743745,1.84193711162199,-1.26692221180224
"246",-0.480364615078786,-1.17009268549998,0.247645245655887
"247",-0.526119233349407,0.856933599074443,0.911507570510374
"248",-1.09886161209849,0.62127694116159,-1.79415276866116
"249",-2.00939007133264,0.842076574016461,-0.666561496544622
"250",0.6146225956525,0.813028667355022,0.148260445420216
"251",0.643019051279266,-0.99235875440521,-1.30840558499208
"252",0.621312990331814,0.674733852146279,-0.438019365254896
"253",0.402015701001719,-0.364851304633669,-1.81980160355316
"254",-1.92452501533183,0.25465269098626,-3.77813847474084
"255",-0.219920440279988,-1.06359973198575,-1.20934884265231
"256",-0.383052295558043,0.512691368156573,-2.15738721705507
"257",-0.794645156723281,1.26536316805381,0.424982368771003
"258",0.37745046309889,0.632257870879695,-1.00637493657288
"259",0.524940476312497,2.14861480962234,-0.768095244974664
"260",-2.03081204352701,2.33292291245725,-3.27831471223781
"261",-1.54368124318799,0.951809350815655,-3.51529478381377
"262",-0.386161926880989,0.440658783377648,-0.652449751058085
"263",1.94005996686422,0.414755518198475,-1.28796835809716
"264",-1.56617274808782,0.297914511127547,0.754308908607597
"265",0.79713657478995,0.287776292697895,-1.91911413996428
"266",2.5056552816756,0.650702635791115,0.77232758366522
"267",0.841237077180574,-0.272503931434659,-0.16486392640095
"268",0.768802008731811,1.49936777864432,1.44724207416549
"269",-2.02711469628344,2.1098250549439,-0.721568933864955
"270",-1.71037356693393,0.292282394036333,-2.50189160171361
"271",2.00077902804024,1.6156098872878,0.21952730955034
"272",1.01812612926049,0.158630163257158,-0.343769898536624
"273",-0.415539245795656,1.21990762520796,0.463433092181817
"274",0.703015519330584,1.36637222891761,-2.34782232919667
"275",-1.16070732180263,2.41056337935391,-1.01052009343021
"276",0.377372923255608,2.3273074353788,-2.28312731494145
"277",0.0452593502864322,3.62598750935004,-0.761878250548691
"278",2.42481791973629,1.57098742939881,-2.78732944921825
"279",0.720746440447153,0.270418207219608,-0.187795249058937
"280",0.79905640838559,0.723235639132597,-1.30626644733562
"281",-0.107532645278781,1.95896880594086,0.656118673676002
"282",-0.627094086966339,3.51210907958866,0.734562766429197
"283",-0.0579624364561289,2.6120190126676,-2.52471628704293
"284",-0.427753271130315,0.268728466701374,-0.0166522127541708
"285",-0.0204119466826312,0.560616645325747,-1.49426838150442
"286",2.25429118039977,2.55682636206262,-1.0716855501234
"287",1.15393020716483,-0.429880092410262,-0.865438218039429
"288",0.715433600495445,-0.471745463750023,-0.0816723933586097
"289",1.71578611438461,2.15573212043979,-0.20667999354351
"290",-0.127249256175607,0.0165382500738105,-0.0942196062379561
"291",0.22902656482801,-0.4093538506291,0.377845130836653
"292",1.08685217959637,-0.368603537037772,-3.57509576418051
"293",-0.293980320694994,-0.383267812940769,-1.09934364832656
"294",-1.19521517822624,2.48861279767799,-1.53810081443465
"295",1.40363530056202,0.879329071780149,0.514674300795699
"296",0.545952684864554,0.115876302391653,-0.704077937370491
"297",-0.716944571306128,-0.856571098042959,0.299066115372371
"298",0.0496777739666641,3.8464036368151,0.747935017597987
"299",-1.68212911155893,0.788516190125065,-0.542946598074842
"300",-0.331807700291146,-1.56062943022287,-0.370640051080754
"301",-0.101315158579741,0.921149239264063,0.744954345650831
"302",1.13726124127127,0.552702503779816,-0.94887962609096
"303",-0.196638091395206,1.42682543348904,-0.0927565862074966
"304",2.34762930502104,-0.373348723999389,-1.33780358356649
"305",-0.392401658088388,1.46341922524636,-3.11039983057139
"306",-1.23614921768397,0.676227727986222,-1.24703059657585
"307",-0.8097705224075,-0.923912269429908,0.488325152556944
"308",-0.486145298277688,2.21044476432695,-2.60453495698132
"309",-0.184046388520189,0.706829029577992,0.393257109416588
"310",-0.597195043164769,2.00621123842025,-2.98536479852608
"311",0.29339114182811,-0.404535801278954,-0.139617391196347
"312",0.142532969662072,-0.0904025579936514,0.908357363012346
"313",0.226044024349009,0.445286044537528,0.668287748469412
"314",0.420329578855988,-0.724773760673189,-1.75479014863962
"315",2.18275828793438,0.150094676970561,-0.808239583291414
"316",-1.70701786939702,1.94998426186333,-2.97425812522814
"317",1.42363699599925,1.28251452847112,-1.23798667808073
"318",1.15343518112703,-1.48466407028281,-3.01890699020804
"319",-0.587960678597927,1.28238552048303,-2.89634783976582
"320",0.862104885076537,2.03427344098195,0.220584817698441
"321",-3.04783199965657,1.13068584150034,-1.54292781610569
"322",-0.33119372279358,1.0644849068681,-0.169086240428989
"323",-0.771240060778325,0.693973390586597,-0.903502794896155
"324",0.4972327321845,1.99086414212658,-2.06182315206915
"325",2.09238888630412,-0.41845333436162,-0.255234828678057
"326",-0.3721869341095,-0.503405809051768,0.778763118917781
"327",-1.7036326761777,-0.0822611552198608,0.199115440738794
"328",-1.71876417936819,-0.223726840035008,-0.723022937401372
"329",0.61190604878086,3.18962777146324,-0.727849055630849
"330",0.975528433377425,-0.0122689318258944,-0.299562413657555
"331",1.18922185205479,-0.497217679013805,0.985579779641331
"332",0.43011239513754,0.731903020003941,-1.56110326444866
"333",-0.153708010300368,0.331476135825299,0.265115754591986
"334",0.418550412117331,0.508579955816476,-2.98617807187813
"335",-0.25290369167439,-0.062875725703221,0.354305991575841
"336",0.823960454272265,-0.444480798552847,-0.341952031966305
"337",-1.030520013705,-0.834326278835752,-0.27226284569866
"338",0.621131191189217,0.117086423177433,-0.0749288206837044
"339",0.177652890803139,0.750420907100781,-0.641964822178626
"340",-0.809459815034827,1.24301179075439,0.387532229434474
"341",-0.426255542380658,-0.313207007294839,0.591511466912424
"342",-0.656646377255185,-0.971301908560039,-1.36849802059153
"343",-1.15114187247994,1.5209679488092,-1.45117853568639
"344",1.75981325145711,-0.756001562866126,-0.79116337473579
"345",1.34939865789717,1.34034065924782,0.657391672217449
"346",-0.799242791867903,0.859826689330876,-0.975313199297371
"347",1.27695136066696,-0.613656434435352,0.181994024394769
"348",0.592075093349278,-0.594385285492569,0.278331797358824
"349",-0.803557518417882,-0.551045867629682,-2.87735933794549
"350",0.357370066506117,-1.29855523400846,-1.04855534324902
"351",-1.23069002573091,-0.0948779014279817,-0.282275658933211
"352",-0.992711572058726,0.754183470316671,-0.735230646677686
"353",0.805721189894136,0.0171641950165959,-0.283761202032312
"354",1.0187354013222,0.992160982608234,0.167374231306693
"355",0.268868707327249,-0.718376791701997,-0.556097594073166
"356",-0.0430277317135002,-0.446425904292162,-0.794755282323154
"357",1.06057794224584,1.48494339751433,0.30065681615691
"358",1.66042040060074,0.842953537134931,-0.462984564921885
"359",-0.902420251448612,1.72695551696251,1.00871558440459
"360",1.07984675474618,0.442080661438585,-0.391216634237612
"361",-0.893070859761106,0.985950142078716,-1.05375348623797
"362",-0.381514785345895,2.13161805776146,-2.44236128788367
"363",-2.2912068767019,0.173076046628702,0.40968485159883
"364",-0.146209558529417,-0.93429104735054,-2.20345893806895
"365",1.19382274969646,0.181096330615547,-1.6598238798893
"366",-1.81451392257764,1.27938891332213,-2.20198761990706
"367",-0.559858697194954,0.869756205640172,-0.29202687811576
"368",1.3897032098424,-0.192304406254743,0.0606591305989047
"369",-0.853839258422874,-0.569800257428046,-0.436805047458554
"370",-0.951888421299224,-0.00318679479826352,0.458711024742774
"371",0.764561385713148,-0.0232122732104995,-0.0839166062008722
"372",1.56889573029234,3.64659265847299,-0.348816297810644
"373",0.941350030081293,-0.732301978321175,0.58187862350068
"374",-1.87211757333641,1.93291566181815,0.620906672076169
"375",0.49294770911027,1.95713788007988,-0.99722802506093
"376",-2.09255207968636,2.89047180260324,-2.5111331791748
"377",0.336612480466491,2.75508181943937,0.00361190107713072
"378",-0.988456481724582,0.690069664497602,-0.950581103369056
"379",1.82072576302441,1.60518232982751,-1.54742893452771
"380",-1.02421978878851,0.302970256922959,-0.155098776777565
"381",0.463287585639172,1.21463400761554,-1.51290235778986
"382",-0.514850349872251,0.874329805852884,-3.43023286463908
"383",-0.351104514629847,0.653658353064603,1.10316962659879
"384",0.0397331434556336,0.199415184006526,-1.97795666488208
"385",0.0479530761093943,-0.322605968433023,0.68160291559567
"386",-0.699185361425141,-1.10345975845511,-3.18153547905461
"387",0.131295842523504,0.0461582134535332,-0.36804476154875
"388",-0.562990286973231,2.01542511495883,-2.70388478340377
"389",-1.26587733715094,1.41606300401552,0.0510454389445823
"390",0.105445898744533,0.339582821520287,-1.0981560292105
"391",0.351161500175831,1.51147653788934,-3.21121082266173
"392",-0.870169027449886,0.610142220912694,-1.01736036184949
"393",-0.360692358782505,0.771314163276423,0.235709814569228
"394",0.532401374047408,1.53730562399784,-1.25430878943349
"395",-0.890421282459246,0.0783257715802081,-0.895299392657324
"396",1.09522268511262,2.7907859076079,-0.73631289654636
"397",1.11757244613814,1.14173514017083,-0.266076282179617
"398",0.605945997873987,1.0232113098804,-0.807499635342629
"399",-0.532717058294133,3.27707414278752,-0.9202763142009
"400",-1.36116683602194,0.560192469575367,-1.25975536993403
"401",1.15189367832305,0.834430175364056,-2.74340918626508
"402",-0.0286607523206014,0.443942524555295,-0.1567624100874
"403",2.83294161846916,-0.871748593621547,-0.368840688994726
"404",-0.00329690907776975,1.73453129107847,-1.9437614989498
"405",-0.963484302081591,2.81026925646656,0.574108181138529
"406",-0.225377002191864,0.807062627175053,-1.499028893885
"407",1.31074240064734,-0.77454419077103,-2.81714451765524
"408",-0.119387270577537,0.950400185590231,0.758935755340736
"409",-0.827704532018726,1.31979864150019,-3.02448750407029
"410",-1.0290246803476,-0.626347560326683,-0.0783867437715772
"411",1.25682163418601,0.981518555229196,0.58505922265508
"412",0.446418236055327,0.905333203745287,-0.931955517414088
"413",0.276491683852,1.07191310584441,-1.81344477877987
"414",-0.508327532588822,0.405606157378723,-0.572792120372853
"415",-0.330137122898445,-0.0505441226229595,-2.07878870015529
"416",-1.2437248423114,-0.548851095716778,-0.91192182736002
"417",1.61011903082549,-1.09059434182662,-0.809622313822818
"418",-0.11050590180654,-0.272558905559823,0.22326081862049
"419",0.119489055367043,-1.09708924188678,0.45848036002291
"420",-1.09446595669625,0.94535086899624,-0.413683849898962
"421",-0.617155169311914,1.16290938371548,0.669458313036848
"422",-0.0738558376398773,-0.20208589756888,1.14767656052114
"423",0.340567901318011,0.313213000245501,-0.181028126112767
"424",0.805011890553291,-0.669246210072647,0.0712404815415202
"425",0.410675288833297,-0.2485835049381,-2.2643880305932
"426",0.710953815708081,-0.051373287626145,-1.45745048007972
"427",0.114011524435453,1.07590179938422,-0.215233775189905
"428",0.139631248174494,1.71609119942966,-0.444852020698812
"429",-1.12689184786115,-0.312289831888942,0.0990397544372425
"430",0.00182966391816693,0.0852520680407488,-0.106107659600742
"431",-0.939758504491104,2.40189719144304,0.57680101487515
"432",0.133277562180009,2.36431650455471,1.079564007698
"433",-0.0663913926148728,3.09859035701531,-0.009790316728395
"434",0.956813315838969,0.500420194484499,1.58884862114129
"435",-1.35439095934962,2.9935875167993,-1.30228255757756
"436",0.0124094012537633,0.22595891253715,0.135945601302551
"437",0.0652883860684793,0.449027950689018,-1.0630260452772
"438",0.633733770708985,0.366438429531391,-0.129067651721045
"439",0.729034926985775,1.25510187992953,-1.63983991697056
"440",0.499132514802862,0.0126052917249592,-0.534026145127177
"441",-0.564597974451189,1.42822176539341,-1.01112818943816
"442",1.83229508674005,-0.691703089302581,0.218951134162374
"443",-0.313554494916174,0.747319038186701,-1.59815432282217
"444",-0.232059294631273,-0.258947589160681,-0.49092608059364
"445",0.495510647340322,2.09931096940737,-0.021696575552237
"446",0.0140324769259565,-0.793488357089933,-1.05427086256456
"447",0.709551177220562,0.65486243706944,-1.02089999265659
"448",-0.728067830059512,0.55513027848348,-1.55524042677106
"449",-0.112059777599168,2.12411319324067,1.11233970074874
"450",-1.06956079777506,4.20631439802359,-0.0500978564584481
"451",2.31763078834208,0.942708911302214,-0.32497193373582
"452",0.61478125716522,1.87820506991005,-1.22124542170403
"453",-0.831663468446231,0.983471369660455,0.331813240189732
"454",-0.565110856986372,1.94697865496871,0.42370178692268
"455",-0.452057521789779,1.50338953760115,-1.07737948603794
"456",1.91315584389627,-0.64034157123578,-2.21953583254456
"457",0.0348070703144202,1.16653955916436,1.24388661228459
"458",1.57929459999208,0.328021270172934,-1.00567315743307
"459",-0.193778735136122,-0.772965375563335,0.585851055978915
"460",0.890727303502639,1.02946686124256,-0.688977329599486
"461",2.47103700262713,0.665096079530067,0.306995796447071
"462",-1.7547752745896,0.75203945075718,0.558303035660498
"463",-1.38424027016769,-0.427481382001166,1.17719730093786
"464",0.291727290160457,0.616404574504511,1.60689242281439
"465",1.58869619405515,-0.503533184164447,-0.45104368202832
"466",1.11928281797426,0.49714026464686,-4.42136374687544
"467",-0.0886050806583398,0.110797652261841,0.817254685793829
"468",-1.31225667266629,2.17301912539176,0.554741967433718
"469",-0.84292715891509,0.133637039987455,0.117513979021663
"470",1.32707285908851,-0.802012301318281,0.617142354546293
"471",-0.217948226527985,1.12809154907049,-0.75055140338013
"472",-0.727101364185696,2.10659065892389,-0.690554938619226
"473",1.14495918427034,-0.597726600340706,0.202149208968555
"474",-1.4358306648604,0.126387339732055,-1.65751118704572
"475",-0.0100532708872421,0.238384437746955,-0.622661211001162
"476",2.33516569127059,-0.0230011659294908,-1.59782173426612
"477",-0.0182012228019041,-0.94376898282926,-2.47916367095104
"478",1.05771269209323,-0.680777897144689,-1.52730262879555
"479",-0.125365737069833,0.26355541031644,-1.54815550332012
"480",0.94364109958184,-0.191691605986189,1.01788132448234
"481",1.39239933822442,-0.107563169005593,0.660935283792936
"482",-0.910376738324305,0.120830549609668,-0.669638097574105
"483",1.8757255287564,-0.594754778955483,0.048989291860375
"484",0.216248235040034,1.47243220949712,-1.17032969301019
"485",-0.162832038120486,0.737609382006682,-0.820103438132822
"486",-0.88428488206983,0.253226132865992,-1.95697802000634
"487",0.168100521779711,-0.598991850235203,-2.21255933513547
"488",2.0559535759797,2.19642735349328,0.979655177201333
"489",-1.35733656408204,-0.757817333983956,-1.32824791200389
"490",1.72500419380469,-1.6273211013956,0.904034084714052
"491",0.892119359212985,-1.48756859996322,0.999791526507505
"492",-0.246837321991184,0.0451915490283524,-0.166013064879643
"493",0.287740556127859,2.86855290021504,-1.61192563862846
"494",0.0861760403679853,-0.403660192216834,-1.14470970961125
"495",-0.17623269422997,-0.24513927506027,-4.16352153049348
"496",-1.30075174857001,1.79309720542731,-1.16538348189466
"497",0.107993338560402,0.0988806273843752,-0.590052102588902
"498",0.562314586733066,-0.691707297742586,0.636798576844647
"499",0.724459688758558,0.891787588519806,-0.585025175256098
"500",0.0412423557935993,1.01093908292101,-1.75124392581675
"501",1.45713320156654,-0.753870071465099,0.505541160296402
"502",0.0465071894580009,1.91353868809629,-1.68308071630208
"503",1.67734822389087,0.887835846347265,-0.757996738705684
"504",0.805975097581751,1.02017124771509,0.177700743543238
"505",-0.139674783815692,0.609669472198996,-0.286822495730884
"506",-0.573662197092323,1.25676580873873,-1.42575166370749
"507",1.65893032343997,-0.217808333010291,-0.655273362900772
"508",2.47432747863528,2.06740211093074,0.0456080642607184
"509",0.175444599939938,0.0237563343804712,-1.66765732334953
"510",0.0257566847498601,3.07236630190623,0.265318178327814
"511",-2.15447373643101,-0.731969173729674,0.994677035760254
"512",-2.17364633517106,1.55451785918048,0.45852552643868
"513",2.88824910803821,0.226679274292566,-0.888176784665622
"514",0.538605672840097,3.0973511222821,0.586369268561201
"515",0.538870642179653,-0.314606024299768,-2.02865035277837
"516",0.641520992972,1.29460974882538,0.0634267560728501
"517",-0.61448762400706,0.714500452766076,-2.45249204240455
"518",-0.133065211435838,0.81846145490934,-1.13853138994465
"519",-1.29696248820785,3.29344259707217,0.302401461102084
"520",0.863126632176037,-0.271844209642446,-0.198233052745324
"521",0.977461523077652,0.32358272569386,0.367318678855418
"522",-1.26074490401711,-0.213202289957297,0.0313383798490233
"523",-0.0799991591469324,0.110355162432817,-0.860892225609035
"524",0.653207130739489,0.61639720917051,-1.37526699838542
"525",-1.7425028706497,0.7194548591384,-3.11488988068503
"526",0.84886969531692,1.32825087029361,-2.17979936289981
"527",-0.406299580928974,0.197638108300538,0.444332156998025
"528",0.884366571847516,-0.111214106509872,-0.16799999116003
"529",0.652796481865729,-0.562593371324839,-0.992112647755381
"530",-0.791379617685698,1.26212822902814,-3.24356461144097
"531",-1.05926286451077,0.543275046669444,-1.05221639970333
"532",0.2465945866727,0.791791737882844,0.132636495525858
"533",0.452447743716457,2.13129993454182,-0.606459082985375
"534",-0.399384207913096,-0.816587590205047,-0.562898037379194
"535",-1.36225317531128,0.343306256812424,-0.554730874958379
"536",0.298279444992935,-0.324368844544509,0.745159411029392
"537",1.25592855705793,0.0416946547019593,0.288456658323316
"538",-2.67338111796908,-0.041218918740289,1.85136125190373
"539",0.351397722653311,2.12057271826159,-1.37801705348872
"540",0.330911881055869,0.0956873473453324,1.31681433887353
"541",2.14514011675119,1.17779370289092,-2.46804358496394
"542",-1.10947586237677,-0.468049074059513,-0.147173637507604
"543",1.28435487769088,1.38038412006067,0.330456576580062
"544",0.145608178830722,0.321058642784843,-0.86552908607234
"545",1.30992064038895,1.74086594239411,-0.0213046719749309
"546",2.42256236197936,0.998704459384064,-0.350036481711387
"547",-1.26376321478045,1.18400489576917,-2.41365473759887
"548",-0.0798985734699808,-0.816105222904774,0.27502925869538
"549",-1.77245221199803,0.340789333220124,1.03915841562445
"550",1.93580480626689,0.268753892416865,0.412146791111546
"551",-0.0804536110280143,2.0416307388844,-0.0821800750673853
"552",-0.850855204559899,-0.645199543306323,-1.43721920213692
"553",0.8779240183417,0.522843729175322,-1.13906563144231
"554",0.550788347993753,0.70903537710433,0.293582828521998
"555",0.656043657742741,1.3237155432149,1.01414143173503
"556",2.06771538782095,-0.548294737003395,0.393642493715633
"557",-1.10005914356737,0.444473325062682,0.15184877103599
"558",-0.0107717908572372,1.14060371940217,-2.99455766783772
"559",-0.120301436643513,1.81480790363337,-0.932057424604942
"560",-0.564930238724198,1.72797064035363,-1.11679594693982
"561",-1.77392920927549,1.3375043545408,-0.44418734944868
"562",0.79428373700424,2.86691611728419,-0.215927418511401
"563",-0.0142179850020438,-0.797623519244458,-0.283642641940901
"564",-1.00269525199646,-0.268936108799679,0.710458368241518
"565",-0.375013341341847,0.322485139819197,-1.03864911711881
"566",1.38210300544008,-0.276678757169497,0.179402028872226
"567",1.0532399345367,-0.965084087951521,-0.642126607319316
"568",0.192365908564283,0.0718213115580818,-1.14438013950617
"569",1.2835212955695,-0.0172308084566658,-0.3415599434076
"570",-0.768271885325831,1.88576892202128,0.767365715948705
"571",0.164875659286204,0.177712682833605,-0.963938385050191
"572",-0.265589554688372,-0.618723808204865,-3.25443904240538
"573",0.347251951980427,1.00413671127755,-2.45822053000558
"574",0.212445707733385,-0.447514412187774,-0.851346088049748
"575",-0.45418820310741,-0.629514126082118,-0.629376386947941
"576",0.988668086706776,0.613682238363565,-3.02242558426098
"577",0.818180542010038,-1.07168158145881,0.0706477806848173
"578",0.314962726310822,0.402406447927886,-0.0886681317885079
"579",0.46583195310415,-0.802039876673697,-1.23060850003904
"580",0.202389184998979,0.105784693586334,-3.83472497463056
"581",2.10460153140833,0.691256221550283,-0.16081714865104
"582",-0.480020473378214,1.19592431248656,1.0869266269737
"583",1.71187262257293,-0.856454542483949,-1.0026686768273
"584",-0.682327459090087,2.90666828074902,0.181597074804207
"585",0.285899070243085,0.0149429956117298,-0.790949346864352
"586",0.219926405585025,2.55650749679943,0.764550541334876
"587",0.596069213357467,0.229436266564638,0.16286445539149
"588",-0.210090682729966,-0.651697658452676,-0.109010526130445
"589",0.952861799074612,1.62632958465275,0.664459542193619
"590",-0.807076708097034,0.82367981019459,-3.39203263656272
"591",0.109466394426058,1.08798376321589,-0.0242376400370336
"592",1.00218011534689,0.749466820414113,-1.26749680825091
"593",0.709358624083573,-1.05238933897522,-0.930859919433634
"594",0.456389154377249,-0.253675037633784,0.331786467629081
"595",1.05299642067791,1.57344960116683,1.29691639009117
"596",-0.237671730409443,-0.140532692193666,-0.167873201024208
"597",0.91414316216369,0.174431019552785,-2.12429769482102
"598",0.900522600610218,2.07925738583294,0.765480979242884
"599",-0.900516961075412,2.61277888794021,-0.930024784105912
"600",-0.31460763262726,0.59654764488746,-3.32300219721975
"601",0.0469154623652277,-0.194904358204697,0.0490425989430001
"602",-1.29790304779696,2.21300242577313,-0.919857585167285
"603",-1.52253972555373,1.69195562656278,-2.84686564131877
"604",-0.900546241095421,0.352490829804967,-3.09585190328409
"605",0.263054945387169,0.705570713445579,-0.814768274176174
"606",-0.719779302085488,0.107373512604858,-0.628230797057596
"607",-0.251480508999643,0.697108224462942,0.559803175222453
"608",-0.848206821504479,1.55236224675885,-0.0008051385253848
"609",0.272944157660594,2.71855756132518,-1.39477000165083
"610",1.29898151874613,-0.295171891009883,-3.41991399334678
"611",0.046978143309049,0.50530346787013,-1.07431002282005
"612",0.934067474299022,3.32591028514598,-0.669780612759491
"613",-1.99993872324488,1.94161081483534,-0.98340838706105
"614",1.02152738926171,0.585335011370105,-1.88423897257703
"615",0.746037330782204,0.210439822713762,0.62191267022695
"616",0.695608195339719,1.92680286162048,-3.66607156132687
"617",0.0675846369163173,-0.924628038854618,-1.38523921523775
"618",-0.222319772876205,1.43201548115848,0.332913933622316
"619",1.25819363407975,-0.471152653584816,-1.16550787185824
"620",0.68953355257976,0.467273135621513,-0.673853667292201
"621",1.45158586329483,1.10833572731282,-1.71002134406428
"622",-0.513912954791928,0.102193380478768,-0.273462174960664
"623",-0.177119113419748,3.71910151408031,0.156866909185682
"624",-0.453400552671633,1.61290937673117,0.540282638226754
"625",1.02761035622841,1.31344177625809,-2.97307376687021
"626",-0.629502635259749,0.502050667255002,-0.134835527965353
"627",0.502245486603372,-0.154701359374869,-2.19651418486907
"628",-0.562658713375995,0.294085299178303,-1.09772288149588
"629",0.819803853281543,0.850944718952275,-0.117643265663693
"630",0.316400315619424,-0.414329216769194,-1.25616841319786
"631",-0.451401128502502,0.446933771863742,-0.229367660791495
"632",1.00649715143187,2.42391902954062,0.218598786533441
"633",-0.0733525291815024,2.48407794536542,0.567838336832281
"634",0.542239463323875,-0.099559215047488,0.197990972878148
"635",0.428080220720676,2.69028918463171,-2.01783562799393
"636",-0.577087401298505,2.27959510900149,-0.950580663752584
"637",-0.550591067908547,1.16906143811448,0.342550126085635
"638",0.223137383051504,2.21136143407697,-1.80854017023016
"639",0.202843436646544,1.07758593878311,-0.232796241796563
"640",-0.232314246668635,-1.33963598474746,-0.177919697309281
"641",-1.35508544548087,-0.417592538695543,0.0206541579258243
"642",-0.65628626224507,-0.789840576437477,-0.0253978312957862
"643",0.378634319009503,1.12726221403501,0.240255558183731
"644",1.9247914293372,0.551019544319899,-0.841387011280685
"645",0.14284944126194,0.238373025650152,-3.19147591850976
"646",0.438533163096942,2.10332818657518,-0.718295546534828
"647",1.23024112723432,3.10245736845612,-0.35313126587518
"648",0.519552986269082,-0.860253774562019,-0.773686392503952
"649",-1.10349595166672,-0.114600825266344,-0.700860104218222
"650",1.28590540791692,0.488445785418971,-2.56969345148874
"651",-1.91289184492431,3.09022874980622,-0.152216376943192
"652",1.49815569507472,0.860180196893418,-0.0602187230168147
"653",-0.442567804811934,0.48162311469157,-0.412559902521584
"654",-0.249105067408919,0.642932040087689,-1.95069990989735
"655",0.610143441186104,2.15468140860768,-0.338304293709092
"656",-0.801309076376783,1.88522711032824,0.498940144199908
"657",0.233153802142105,3.90592314257649,0.309853688542071
"658",-1.58812831197214,0.297177348075716,0.297291731649074
"659",-2.4504793322067,-0.191148445815128,0.574677548591697
"660",-0.818682569329553,2.44821819138939,-1.53511172897621
"661",0.909206310371857,0.319967805839771,-0.670883121493846
"662",-0.575582875410765,-0.501746656994896,-0.0827924239938856
"663",2.5260727848005,3.00891821965879,-0.385957334353024
"664",-1.1425297118766,0.527973996134117,-0.276787966540408
"665",-1.86033140406439,1.60743337707197,-1.86354062741928
"666",-1.12234902379712,-0.313504282418923,-1.17605156976926
"667",-0.469232139826573,-0.458223026933638,-1.23533190536175
"668",-0.308932539747871,0.258787153791894,-1.89755114585302
"669",-0.356847833161562,1.62714508545966,0.294373497116777
"670",-0.647832988070346,1.30727024618436,0.862751340901733
"671",1.12015763301644,1.9521230683928,-3.22158775793743
"672",0.744586816109848,-0.193717430913414,-1.26553153595755
"673",1.93541352842715,-0.134807485962291,-0.473238530431895
"674",-0.148467457600992,3.57039559271808,-3.07440806714616
"675",-0.628408998312761,-0.308430290825077,0.112502445099796
"676",-0.439572060004466,3.1830370788747,0.0793158831063081
"677",-0.613220647149473,0.135788780861759,-0.193768488524991
"678",-1.25120408328233,3.10735628443363,-1.47635841638006
"679",-0.537361576344113,-0.448378590222227,-0.550413859954162
"680",-0.954594350934325,4.73894603342566,0.618616309372211
"681",-1.12170101655222,-1.10612005099086,-0.656992751480541
"682",-1.79203212819356,-1.87605707870184,0.320367522099647
"683",-1.10983559428378,-0.817176560549063,-0.00679227211300027
"684",-0.791632224526882,0.365278766406385,-0.604514420642768
"685",2.45768012459617,1.23458785607656,-0.0541503028076883
"686",0.231498660991952,0.2216367109488,0.581999034661375
"687",2.23304254152939,3.48142720444919,-0.683875502246079
"688",-1.49543591218594,1.66181327939496,-0.397880962786041
"689",-2.25530907478351,-0.395253699578778,-0.719180731657821
"690",0.592716076205284,0.360002537839019,0.988344677745382
"691",-1.10692187787108,1.30348152114024,-3.41755003006452
"692",1.08921320808663,2.77736633282929,0.369174418080197
"693",1.52455941722163,-0.470168611263192,-0.593791542037507
"694",0.842646671314661,1.54947684189607,0.0884013833818277
"695",-0.470719915658457,0.81867489909676,-0.582809538311862
"696",0.016077486034641,2.24584406149601,-0.052201957001678
"697",-0.365278879601746,-0.359326349968426,-0.347374589948434
"698",-0.43105606436776,-0.503863824152011,-2.14370734124325
"699",2.19315261902518,1.98133904476115,-0.342642605779374
"700",1.09396509159005,2.22294138755735,0.134928623324543
"701",2.52077517956406,0.362091643760944,-1.10917182879299
"702",-0.0740888384161294,1.19358728187284,0.98011405427575
"703",0.921886467919953,1.43477927463125,-0.934224539578555
"704",0.436600554967364,3.09404477248745,-0.153417431130487
"705",-0.542070433107728,2.66528351370494,-0.0146480831402112
"706",2.04992208647639,-0.108316153996649,0.311194066406527
"707",0.389344850030665,-0.721580229110607,1.15236970889091
"708",0.0324009835332382,0.0569696015177922,-1.83117436704617
"709",-1.04141884052363,3.35212651379695,-0.644374757704105
"710",0.693470499484018,-0.937156041871488,-0.48013417777535
"711",1.31854164972464,-1.30982621405103,-0.584108139981958
"712",-1.17658118395271,1.19110623751252,-3.8045802533474
"713",0.182391894068375,0.912227255649733,1.01140214633001
"714",-1.25587579293349,0.996848751508907,-1.96129495787332
"715",0.890724157775576,0.765339190062217,-1.72913910746778
"716",0.96274726755843,1.57992666024662,-0.118016474938522
"717",-0.587964777918678,0.32195722612736,-3.48200409508632
"718",1.16197405859586,1.52633607659038,0.196043690400722
"719",-0.334526437858721,0.569384079630432,-1.37076406331137
"720",-2.43859073422531,-0.701236646165135,-2.05437122373008
"721",1.44280705564188,4.32487906640416,0.67949070016198
"722",-0.248861148187803,0.991311191141465,0.408027625471708
"723",1.11369935254139,0.433330560961486,0.46880784482116
"724",-0.839832876914111,1.19487073400763,-0.274345392429159
"725",0.204775741882873,0.0142901136000539,-0.0217246047319488
"726",1.07850026963871,0.603418681020629,-0.69515244619836
"727",0.142912167262509,-0.64801705602772,0.0257522211301574
"728",-0.535727414397792,2.52824649051667,0.977505196658112
"729",-0.529950255923513,0.808901434231895,0.1393602024302
"730",-0.0486919302591086,1.72778380843251,0.935430634227265
"731",0.850705179096024,-0.390234546784117,-0.280535963789147
"732",1.73216558638103,1.15904633098589,-0.557739595787312
"733",2.28045591237773,-0.249283071201272,-1.49608719713592
"734",-0.406492750530041,-0.494317948246169,0.197210513674944
"735",0.178096354374496,0.917084688397849,-0.3371950915334
"736",-1.01095906477839,-0.0806804464979467,-1.05574308555361
"737",1.03226862847904,0.445169608785408,0.214207855358968
"738",1.01065569087705,0.642070603794568,-1.83479539519699
"739",-0.553278795048997,-0.563871813597247,0.399868940010317
"740",-0.388834423902627,-1.39685759539676,-1.40515613557565
"741",-0.972088379216381,2.81444641942053,-1.64854078287774
"742",1.7984629638909,0.152365843933386,-0.838633219938222
"743",-0.612172586696955,2.65594819058257,-1.11601349382738
"744",-0.672865918202391,-0.0579074129042781,-2.46598553563543
"745",0.115360317219776,-0.058114185304983,-0.52022891606606
"746",0.227723171767747,0.310930713847882,0.3661976217327
"747",-1.46510766490657,-1.31120878792541,-0.00528436208889452
"748",1.17884938200793,0.127674901394577,0.401766233338286
"749",-0.585362435939661,-0.719018719095833,-0.0858475511739854
"750",-1.88828061695114,-0.0940854113041504,-2.01824490713289
"751",-2.27237507308349,0.80927609320614,-1.64059863010044
"752",-1.37868720455667,-0.0209730336572053,-0.400295768711225
"753",-0.954344063198926,-1.24260280418014,-0.509905998424034
"754",-0.871165852947931,1.84132061041942,-0.822888129747407
"755",-0.692066682043546,2.54911112746214,-0.742259994425453
"756",-0.0880898056406471,-0.127405424821236,-1.32052790044674
"757",-2.1405977895716,-0.719144701862197,-1.39116559856706
"758",-0.60438927865158,0.102526059793091,-0.348999861486044
"759",0.699283939590404,-0.109401155988355,-0.684590018867243
"760",-0.534004192529695,0.237368457870413,-1.75263637057299
"761",0.891024938699624,0.61594668511457,-4.17557638200638
"762",-0.219068125346632,-1.33778110982078,0.780394300575302
"763",-0.938919810805787,0.845103025708232,-2.17580876033734
"764",0.0495558657203343,-0.0843979405098112,-0.527061714901972
"765",0.24686711935724,3.56192505408968,-1.14769594726418
"766",0.237394176019759,0.435934905484288,-0.376363976510692
"767",-2.98758533851742,-0.433303886825061,0.47968754503706
"768",0.118207665524149,0.199189027319176,-2.91573036217208
"769",1.25022659181726,2.22851324087499,1.14318875456986
"770",-0.819913193327204,1.96819431412347,-1.29813378467321
"771",0.811615610640798,-0.648225007586642,-1.74136150459346
"772",-0.336614665673439,0.246920259551478,-0.300977583261114
"773",-1.96085221932586,-0.000340264614561939,0.129803963020485
"774",0.46104760233992,0.891447319215904,1.0480394623486
"775",0.686311859471053,-0.689882923614362,-0.207994608436015
"776",0.926158820597866,-0.860656952229207,0.590528685126774
"777",0.672903180426418,0.928550686993147,0.48720831105167
"778",1.47297943535482,1.24378370090788,-1.4905935650325
"779",0.216762740633738,0.192245056630063,0.831420427711434
"780",-1.14895905986452,-0.254202846305367,0.144258483901322
"781",-0.192392476484426,1.62436958128189,-1.38015267385266
"782",0.243137667736111,1.70665470830848,-0.853564516561343
"783",-0.260652488136194,-0.893152331707653,-0.150395937231771
"784",0.534107099051156,-0.848977342389095,0.41011509491182
"785",-0.373862411801872,1.2023007548408,-1.21514315964969
"786",-1.3981350989688,0.081428281487276,-0.0499000799935254
"787",-1.88300173515423,0.475539027464276,0.455186170138295
"788",1.78687957257458,-0.55332210480542,0.416640429267403
"789",1.45085749307934,0.089880828463898,-0.790859156479702
"790",0.872877924926256,1.08482413506903,-0.0711660301685398
"791",1.16797267995816,-0.495001349864324,0.384668901436111
"792",1.06776638490834,0.0598027350502807,-3.1583782677865
"793",0.421834185600175,2.07350424642236,-0.844664120609062
"794",-1.17785203610014,-0.378037168204176,0.639056829538145
"795",0.275485807623428,0.0023515953493816,-1.98876017610217
"796",0.64374210226934,2.11514793508436,-2.15536170973891
"797",0.346974878254812,1.97269328488343,0.118804594784505
"798",1.69678989713994,2.50527818332695,-0.114672263116369
"799",-1.00650999698278,1.52247175101246,-2.37953114552074
"800",0.691356329338138,0.792750183869831,-0.769447403442592
"801",-1.02038754498933,0.400046222151286,-2.23959545178889
"802",-0.307668651846829,0.484811172165801,-0.981671642720733
"803",-1.65601878429471,0.62010617830697,0.633124509204058
"804",-0.0526481182835815,0.252865660838997,-1.70930321414961
"805",-0.704908125996897,1.42548374187831,-0.79570215931083
"806",1.22756524157875,0.341359907619908,0.0296577254269806
"807",0.132904404515264,-0.84766016762241,-0.680320666177168
"808",-0.290953845834195,0.838154854184829,-0.185827324673208
"809",-0.751790258129612,2.10714490943632,-1.14386737245038
"810",-0.860741633030049,0.27424924958355,-0.33418579121582
"811",-0.417638919336858,0.819071604653359,-1.55167218428464
"812",0.511610822536886,0.00450217833213535,-1.01002130553284
"813",-2.38512611774673,0.881963156665041,-0.334752960601359
"814",-0.49504064012846,-0.525986799943736,-0.396349114753653
"815",0.295205958829846,-0.0872099039494587,-0.739335999119989
"816",0.268790931508556,-0.186652908575831,-0.916842069624895
"817",0.604627612628621,-0.0477507722811374,0.222768708640816
"818",-0.19267802302218,-0.663266276826474,-1.21795381503351
"819",0.665384825165348,0.475673782965601,-0.777340186351951
"820",-0.447411478448846,0.962619133521975,1.01123403574866
"821",0.250900812114791,0.58110841404478,-1.50320401095431
"822",-1.17510181412728,0.6339252946866,0.104708411747854
"823",0.269471439625399,-0.557344024651722,-2.62355334088234
"824",0.221825541325442,1.46112873672035,-3.76605126874383
"825",-0.321624894620908,3.87308513714059,-0.27835884085907
"826",-0.653000364168967,-1.10190727691278,-0.567162578050102
"827",-0.00185813294404682,2.57764046023582,-0.521621013567337
"828",-0.553162084274433,1.5373064288705,0.692230580536535
"829",0.262375097766977,-0.135984976990695,-1.02928756154798
"830",2.24984966876247,1.21919481394429,-0.601083096267534
"831",0.191740583791666,-0.323384733271573,-0.654035582809497
"832",-1.58389426092265,0.811772669357702,0.113732158958848
"833",-1.34809161471844,-0.0325394532457993,0.662379821008659
"834",-0.294583802960139,3.24371653273561,-4.90098255244946
"835",-0.259446117596482,-0.243964606029407,-0.314525709254577
"836",-0.127191096006265,-0.453721807961345,-1.32407064568465
"837",0.164841529006694,1.04324366223123,-1.35885978887289
"838",-0.860470068331516,0.410938842946139,-0.592028780301775
"839",-0.0791998373958863,-0.265385909235078,-1.38526375310701
"840",0.387263031513266,0.30613726748051,-1.38756590418737
"841",1.17200465914845,-0.00395188379331501,0.855493452218076
"842",0.0359477663451372,0.617908825989192,-0.33359768404588
"843",-0.563916371030833,-0.0770742502917508,-2.12723671662247
"844",-1.41126270770144,-0.0179417183687408,-3.16488737236493
"845",0.0779386723589634,0.153180239851381,-0.430248996704133
"846",1.48339399622689,3.92672672497694,-0.229027053748288
"847",-0.426378863107134,-0.350090511696198,-1.18911766364149
"848",-0.851082067680402,-1.14471997551651,-1.08382106765875
"849",-0.548276780399742,-0.198189958400425,0.241412410001349
"850",1.35831358843119,-0.413295710078704,-0.0338972604727566
"851",-0.0400796167036034,0.012540192149131,-1.09005207368312
"852",0.415422746127373,0.700920694698341,-2.37271664004222
"853",-1.72718211960108,-0.322201573364495,-0.862296388798172
"854",-0.364446822902786,0.394496697587545,-2.78958453632437
"855",-0.830278176008742,-0.532341297553043,1.04298242482027
"856",0.785226295451575,-0.839197786292147,-0.155019513844841
"857",-2.72591971644815,0.979682606626338,-1.21012020385055
"858",-1.23139022620933,0.502884650533448,0.584614105250371
"859",-0.7381719784089,4.28258485968861,-0.828511190598141
"860",-0.217947720918495,0.283653974010004,-1.99774276353915
"861",0.154355823671116,1.32138673713902,0.0744313341649724
"862",-0.208735297674642,-0.290540620438748,-1.72404432943793
"863",1.35291970072593,1.93153962776013,-0.350245750006341
"864",-0.290151022474181,-0.0152749981846466,-1.57008822405
"865",-0.353466153724081,1.29038047088015,0.445410604120562
"866",0.391068604847051,1.10297469899678,-1.27522178312197
"867",-0.796717501925114,1.21647713147911,-0.809133011079339
"868",-1.14543523606207,1.90015376629412,-1.49313514535897
"869",0.864432799865242,-0.571497287759542,0.46656672512494
"870",-0.721533967624199,-1.11731797558075,-1.38033470621956
"871",-0.713926792941081,0.0951730059115344,0.72978385087881
"872",0.482533014936329,1.8073577879867,-1.61133896687836
"873",0.90489112688135,0.0821557168034819,0.072277070732971
"874",0.564335032675794,-0.388180557771315,-0.222301471675111
"875",0.558711810722694,-0.774612502851901,0.815282426124629
"876",1.04447365261239,0.0297401984358689,0.19830275715348
"877",0.406161748372586,2.70136342165959,-1.91286032384109
"878",-1.00234379369881,1.30601017564387,-0.438433344715891
"879",-0.517187909664088,0.6939688513842,0.6706025922099
"880",-1.0388825419075,0.320891176675075,-0.926917888536428
"881",-0.362041008073069,0.683253061580183,0.489635169402555
"882",1.26820455409596,2.13346838662611,-0.0640687108189315
"883",-1.32455041216936,0.249926970831495,-0.843355836009148
"884",0.0542166814261175,-1.25058036099431,-0.629715796161695
"885",0.783459602996348,0.569072791713016,0.309637122202272
"886",-1.70379479419187,0.447745905803505,-1.59459216555546
"887",-0.315491931754525,-0.725068273613741,-2.69779522671859
"888",0.00296768398825515,-0.141905278287989,-2.7888315293334
"889",0.537586588673286,0.925536527980979,0.703838682460607
"890",1.58476807477934,0.373704175941377,-3.54161122106502
"891",-1.38188697037676,0.119787821259732,-1.3324269253743
"892",-0.511930216993505,1.88164010321946,-1.31666211462078
"893",0.204089201624033,-0.342271634751584,-1.35650438459518
"894",3.1580334253609,0.123284451518105,-0.272511436298508
"895",-1.33392953290859,0.400180426737935,-1.71401115531123
"896",0.762106794152983,0.712988734492529,-2.10296329292108
"897",-0.53632755764639,-0.763263252968127,-2.12557752211025
"898",-2.37531539451459,1.39497651364455,-1.4112189198676
"899",1.06066148752165,1.82935834452246,-1.46921306181651
"900",0.860961502039883,-0.316128792363329,-0.80287166764278
"901",0.691524757063209,0.45096241992453,0.838138278047284
"902",1.74072182158151,0.816452910372421,-0.706846122039227
"903",1.30500426369092,0.757884719759998,0.441571725060835
"904",0.716429993869618,2.0692440599672,-0.0110498608147028
"905",-0.983140545322411,0.360592358083405,0.0555452585811378
"906",0.835652432338337,-0.0666279210634002,-0.520603822997519
"907",-0.76116412881244,-0.476798567993042,0.749879450881489
"908",0.383205773938831,-0.436651582077808,0.419280620180696
"909",1.53010489412666,0.128507872195831,-1.0650799425145
"910",0.604331532445078,-0.350601853278374,-0.322517870361653
"911",-2.17527252442374,1.12537801459004,-0.313716265180621
"912",-0.213287214029442,1.69618438634535,0.450189177586428
"913",0.0219028637291044,3.43126228369342,-0.0124850397903855
"914",0.0567313581400431,-0.53008680346657,0.436012332756835
"915",1.12735104847583,-0.0417073089754669,-1.53289276673382
"916",-1.26992360664334,-0.145755858906,0.462380668270721
"917",-1.54099681707618,0.133549001590735,0.115808653644216
"918",-0.780524058027685,1.84736366378957,0.508858434940129
"919",0.112383784581699,0.0590001268485065,0.396120012266265
"920",0.104394375201394,1.24612377118861,0.0857967935424331
"921",0.0979769847765885,0.0565893158401412,-0.0359099587913729
"922",-0.490270140622709,1.84072746518102,-0.207450490530889
"923",0.311007009950199,2.7773535667055,0.461864027308273
"924",0.531080025903848,-0.343411902408638,-1.02619829916221
"925",-1.78385079551294,-0.545950458985203,-1.55625968693073
"926",-0.541473571164095,1.07303664666016,-0.779730304605413
"927",-0.550015729008312,0.0830298591092013,-1.84691439228399
"928",0.420389346630589,-0.282068530857851,-2.93788770011372
"929",1.68396909707818,-0.95228419274509,-1.36053564587718
"930",-1.08673961784701,-0.538809266306555,-0.610810452219003
"931",0.570862917833939,0.875752334221525,0.21446157450646
"932",-1.0619932862566,-0.588509328810043,-0.942893872508086
"933",0.24613738754347,0.16449366510883,-0.409158156818911
"934",0.568382758439064,2.94298060080467,-1.60430839697872
"935",-0.747409108775193,-0.903715015143468,-3.58011082469132
"936",0.901118903608385,-0.17931597102213,-3.35609165736062
"937",0.461919181878223,1.3167119890697,-0.709166609372321
"938",-0.250779163281562,2.96629646682002,0.404683685246221
"939",0.180768282305217,-0.568808749331972,0.551106275233575
"940",-0.225313804449392,-0.387511926110846,-0.121338422305795
"941",0.219449996241558,0.459518061214623,-0.0939608880507964
"942",1.57377680955971,0.625400041977094,-0.857633921663577
"943",-0.281087848756767,1.87310238023419,-0.732504969727619
"944",1.06039968763562,3.22536405031997,-1.48024879807029
"945",0.65668354540953,-0.227716190250091,-0.210242632163327
"946",0.876822196175309,0.770321237235206,-1.39203109313438
"947",-1.13856134507895,0.117660158534814,-1.98416521233395
"948",2.57226572148696,0.550910450429084,-0.407245945933137
"949",-0.965757226475634,-0.113894636944597,-1.49150061995311
"950",2.13442611847883,0.680593728503709,0.0639134047122181
"951",0.458857196034612,-1.08523897281611,0.133555501889691
"952",-0.308587040161324,0.930006066910914,-0.317226371029212
"953",-1.68570779862665,2.69291700629178,0.254359176620182
"954",0.457511872722416,0.535447047130188,-0.827093709656569
"955",-0.270144435364961,-0.0798234897927561,1.53389794709005
"956",0.132466996897472,3.98688976676682,-2.75746096017636
"957",0.0379688080174523,-0.980147355468262,0.403202182321816
"958",2.0570558299933,-0.428996967175287,-1.17717888150875
"959",0.734039925724663,0.100876452577125,-0.801817079663147
"960",-1.43420031687705,-1.19216814631029,0.208475764589354
"961",1.53911791778494,2.76831009156599,0.135878977946106
"962",-0.676552412802778,-2.06964377873322,0.848595973278769
"963",-0.662311212618061,0.393480549256919,0.540652216336987
"964",-0.728568526093153,2.28723100865916,-1.00002376003293
"965",0.857875142619511,2.14572821871698,-0.568963106087154
"966",-1.80053727177521,0.516273730870609,-2.44986968412199
"967",-0.389533689103221,0.942824112563907,-0.331770037183527
"968",0.845861887478517,1.91804316628157,0.409627428125906
"969",-0.214912742812903,0.312818106211982,-1.93013206823973
"970",1.3975207352393,0.625582981840601,-1.26749296359503
"971",0.988894867226688,-0.685826946503888,-0.30556808720013
"972",1.2117637141447,-0.299600306045088,-0.794844960076635
"973",-0.966136047992584,3.23585911841602,-0.895376412597005
"974",0.100537845674829,-0.443966546344599,0.245620957667291
"975",-1.15886091358445,3.71468885670813,-0.157919572298089
"976",1.39636000164553,1.22867116686422,-1.0334071926794
"977",-0.440569946064133,0.40280094874299,-1.02788837216699
"978",-0.205360944200058,-0.138285915150215,-0.157878566002774
"979",1.43633199926942,-0.606471222647121,-0.111407368505053
"980",0.130677494717384,1.14881320083328,-0.424628535520524
"981",0.245344427520613,1.41636129242855,0.111655597641038
"982",0.89008418604408,0.550425391645916,-2.0299583632798
"983",0.241660582343712,-0.451069032804761,0.167902566192095
"984",0.118056264135304,3.03615634396337,-0.665944575065074
"985",-2.34990051418377,0.525126188038676,-0.0211050513971659
"986",-0.94132369279869,0.861832196637288,-0.609805533972105
"987",1.32984741140648,0.642203307222574,-1.71582676125623
"988",0.254696803258561,1.28444171703425,-2.39104168529622
"989",0.516383230747193,0.328979397640272,0.246303735212178
"990",-1.14733449367464,1.68793424379472,0.675185538185304
"991",-0.326229013509961,-0.608001571055886,0.437917105311457
"992",-1.39644843518772,-1.61451049384776,-0.0724911757725015
"993",-0.054608836621441,1.7382432170723,0.0285099181759494
"994",0.134106100242292,-0.718915693158922,-2.6422536528207
"995",-1.11452858251889,1.93140649667506,-0.201194276959443
"996",-0.136507721179362,0.266272472005642,-0.829655904603559
"997",1.05512603799992,2.08849973039707,-2.40483932372279
"998",-0.798276107685783,1.17243678237119,-2.87994609312538
"999",1.39222706172195,1.26232806543191,0.583839441000325
"1000",1.02864853993551,0.855439763885611,-0.616997318328021
